areaCode,areaName,areaType,date,newCasesBySpecimenDate
K02000001,United Kingdom,overview,2021-08-12,29367
K02000001,United Kingdom,overview,2021-08-11,32383
K02000001,United Kingdom,overview,2021-08-10,30753
K02000001,United Kingdom,overview,2021-08-09,31436
K02000001,United Kingdom,overview,2021-08-08,22360
K02000001,United Kingdom,overview,2021-08-07,22067
K02000001,United Kingdom,overview,2021-08-06,27497
K02000001,United Kingdom,overview,2021-08-05,31006
K02000001,United Kingdom,overview,2021-08-04,31631
K02000001,United Kingdom,overview,2021-08-03,29751
K02000001,United Kingdom,overview,2021-08-02,29183
K02000001,United Kingdom,overview,2021-08-01,20449
K02000001,United Kingdom,overview,2021-07-31,20108
K02000001,United Kingdom,overview,2021-07-30,24228
K02000001,United Kingdom,overview,2021-07-29,27823
K02000001,United Kingdom,overview,2021-07-28,29552
K02000001,United Kingdom,overview,2021-07-27,28948
K02000001,United Kingdom,overview,2021-07-26,29282
K02000001,United Kingdom,overview,2021-07-25,21722
K02000001,United Kingdom,overview,2021-07-24,22428
K02000001,United Kingdom,overview,2021-07-23,27206
K02000001,United Kingdom,overview,2021-07-22,30628
K02000001,United Kingdom,overview,2021-07-21,34855
K02000001,United Kingdom,overview,2021-07-20,39023
K02000001,United Kingdom,overview,2021-07-19,46834
K02000001,United Kingdom,overview,2021-07-18,35457
K02000001,United Kingdom,overview,2021-07-17,37815
K02000001,United Kingdom,overview,2021-07-16,54178
K02000001,United Kingdom,overview,2021-07-15,60682
K02000001,United Kingdom,overview,2021-07-14,53762
K02000001,United Kingdom,overview,2021-07-13,46698
K02000001,United Kingdom,overview,2021-07-12,43598
K02000001,United Kingdom,overview,2021-07-11,30002
K02000001,United Kingdom,overview,2021-07-10,27848
K02000001,United Kingdom,overview,2021-07-09,32204
K02000001,United Kingdom,overview,2021-07-08,33336
K02000001,United Kingdom,overview,2021-07-07,37806
K02000001,United Kingdom,overview,2021-07-06,35347
K02000001,United Kingdom,overview,2021-07-05,34169
K02000001,United Kingdom,overview,2021-07-04,24661
K02000001,United Kingdom,overview,2021-07-03,23555
K02000001,United Kingdom,overview,2021-07-02,25771
K02000001,United Kingdom,overview,2021-07-01,28104
K02000001,United Kingdom,overview,2021-06-30,28333
K02000001,United Kingdom,overview,2021-06-29,27590
K02000001,United Kingdom,overview,2021-06-28,27747
K02000001,United Kingdom,overview,2021-06-27,18123
K02000001,United Kingdom,overview,2021-06-26,15965
K02000001,United Kingdom,overview,2021-06-25,17765
K02000001,United Kingdom,overview,2021-06-24,18295
K02000001,United Kingdom,overview,2021-06-23,17904
K02000001,United Kingdom,overview,2021-06-22,16997
K02000001,United Kingdom,overview,2021-06-21,15951
K02000001,United Kingdom,overview,2021-06-20,9872
K02000001,United Kingdom,overview,2021-06-19,8253
K02000001,United Kingdom,overview,2021-06-18,10058
K02000001,United Kingdom,overview,2021-06-17,10773
K02000001,United Kingdom,overview,2021-06-16,10775
K02000001,United Kingdom,overview,2021-06-15,10493
K02000001,United Kingdom,overview,2021-06-14,10101
K02000001,United Kingdom,overview,2021-06-13,6954
K02000001,United Kingdom,overview,2021-06-12,6114
K02000001,United Kingdom,overview,2021-06-11,7442
K02000001,United Kingdom,overview,2021-06-10,7837
K02000001,United Kingdom,overview,2021-06-09,7991
K02000001,United Kingdom,overview,2021-06-08,7673
K02000001,United Kingdom,overview,2021-06-07,7740
K02000001,United Kingdom,overview,2021-06-06,5406
K02000001,United Kingdom,overview,2021-06-05,4619
K02000001,United Kingdom,overview,2021-06-04,5706
K02000001,United Kingdom,overview,2021-06-03,6097
K02000001,United Kingdom,overview,2021-06-02,6047
K02000001,United Kingdom,overview,2021-06-01,5235
K02000001,United Kingdom,overview,2021-05-31,3780
K02000001,United Kingdom,overview,2021-05-30,3094
K02000001,United Kingdom,overview,2021-05-29,2933
K02000001,United Kingdom,overview,2021-05-28,3491
K02000001,United Kingdom,overview,2021-05-27,3637
K02000001,United Kingdom,overview,2021-05-26,3800
K02000001,United Kingdom,overview,2021-05-25,3302
K02000001,United Kingdom,overview,2021-05-24,3236
K02000001,United Kingdom,overview,2021-05-23,2241
K02000001,United Kingdom,overview,2021-05-22,1926
K02000001,United Kingdom,overview,2021-05-21,2292
K02000001,United Kingdom,overview,2021-05-20,2424
K02000001,United Kingdom,overview,2021-05-19,2710
K02000001,United Kingdom,overview,2021-05-18,2709
K02000001,United Kingdom,overview,2021-05-17,2765
K02000001,United Kingdom,overview,2021-05-16,1854
K02000001,United Kingdom,overview,2021-05-15,1580
K02000001,United Kingdom,overview,2021-05-14,1850
K02000001,United Kingdom,overview,2021-05-13,2092
K02000001,United Kingdom,overview,2021-05-12,2230
K02000001,United Kingdom,overview,2021-05-11,2197
K02000001,United Kingdom,overview,2021-05-10,2652
K02000001,United Kingdom,overview,2021-05-09,2169
K02000001,United Kingdom,overview,2021-05-08,1511
K02000001,United Kingdom,overview,2021-05-07,1881
K02000001,United Kingdom,overview,2021-05-06,2163
K02000001,United Kingdom,overview,2021-05-05,2393
K02000001,United Kingdom,overview,2021-05-04,2397
K02000001,United Kingdom,overview,2021-05-03,1974
K02000001,United Kingdom,overview,2021-05-02,1424
K02000001,United Kingdom,overview,2021-05-01,1355
K02000001,United Kingdom,overview,2021-04-30,1702
K02000001,United Kingdom,overview,2021-04-29,2085
K02000001,United Kingdom,overview,2021-04-28,2361
K02000001,United Kingdom,overview,2021-04-27,2058
K02000001,United Kingdom,overview,2021-04-26,2442
K02000001,United Kingdom,overview,2021-04-25,1994
K02000001,United Kingdom,overview,2021-04-24,1466
K02000001,United Kingdom,overview,2021-04-23,1890
K02000001,United Kingdom,overview,2021-04-22,2250
K02000001,United Kingdom,overview,2021-04-21,2540
K02000001,United Kingdom,overview,2021-04-20,2366
K02000001,United Kingdom,overview,2021-04-19,2600
K02000001,United Kingdom,overview,2021-04-18,2441
K02000001,United Kingdom,overview,2021-04-17,1636
K02000001,United Kingdom,overview,2021-04-16,2351
K02000001,United Kingdom,overview,2021-04-15,2187
K02000001,United Kingdom,overview,2021-04-14,2397
K02000001,United Kingdom,overview,2021-04-13,2332
K02000001,United Kingdom,overview,2021-04-12,2714
K02000001,United Kingdom,overview,2021-04-11,2256
K02000001,United Kingdom,overview,2021-04-10,2257
K02000001,United Kingdom,overview,2021-04-09,2782
K02000001,United Kingdom,overview,2021-04-08,2983
K02000001,United Kingdom,overview,2021-04-07,3083
K02000001,United Kingdom,overview,2021-04-06,3114
K02000001,United Kingdom,overview,2021-04-05,2616
K02000001,United Kingdom,overview,2021-04-04,2294
K02000001,United Kingdom,overview,2021-04-03,2406
K02000001,United Kingdom,overview,2021-04-02,2627
K02000001,United Kingdom,overview,2021-04-01,3471
K02000001,United Kingdom,overview,2021-03-31,3766
K02000001,United Kingdom,overview,2021-03-30,3594
K02000001,United Kingdom,overview,2021-03-29,3972
K02000001,United Kingdom,overview,2021-03-28,4652
K02000001,United Kingdom,overview,2021-03-27,3533
K02000001,United Kingdom,overview,2021-03-26,4387
K02000001,United Kingdom,overview,2021-03-25,5398
K02000001,United Kingdom,overview,2021-03-24,6005
K02000001,United Kingdom,overview,2021-03-23,5252
K02000001,United Kingdom,overview,2021-03-22,6201
K02000001,United Kingdom,overview,2021-03-21,5232
K02000001,United Kingdom,overview,2021-03-20,4099
K02000001,United Kingdom,overview,2021-03-19,4994
K02000001,United Kingdom,overview,2021-03-18,5471
K02000001,United Kingdom,overview,2021-03-17,5771
K02000001,United Kingdom,overview,2021-03-16,5672
K02000001,United Kingdom,overview,2021-03-15,6500
K02000001,United Kingdom,overview,2021-03-14,4299
K02000001,United Kingdom,overview,2021-03-13,4241
K02000001,United Kingdom,overview,2021-03-12,5584
K02000001,United Kingdom,overview,2021-03-11,5767
K02000001,United Kingdom,overview,2021-03-10,6035
K02000001,United Kingdom,overview,2021-03-09,6220
K02000001,United Kingdom,overview,2021-03-08,6640
K02000001,United Kingdom,overview,2021-03-07,4284
K02000001,United Kingdom,overview,2021-03-06,4497
K02000001,United Kingdom,overview,2021-03-05,5298
K02000001,United Kingdom,overview,2021-03-04,5718
K02000001,United Kingdom,overview,2021-03-03,5966
K02000001,United Kingdom,overview,2021-03-02,6652
K02000001,United Kingdom,overview,2021-03-01,6875
K02000001,United Kingdom,overview,2021-02-28,4711
K02000001,United Kingdom,overview,2021-02-27,4816
K02000001,United Kingdom,overview,2021-02-26,6561
K02000001,United Kingdom,overview,2021-02-25,7711
K02000001,United Kingdom,overview,2021-02-24,8536
K02000001,United Kingdom,overview,2021-02-23,9378
K02000001,United Kingdom,overview,2021-02-22,11239
K02000001,United Kingdom,overview,2021-02-21,7867
K02000001,United Kingdom,overview,2021-02-20,8052
K02000001,United Kingdom,overview,2021-02-19,10380
K02000001,United Kingdom,overview,2021-02-18,11406
K02000001,United Kingdom,overview,2021-02-17,11553
K02000001,United Kingdom,overview,2021-02-16,12481
K02000001,United Kingdom,overview,2021-02-15,14265
K02000001,United Kingdom,overview,2021-02-14,8753
K02000001,United Kingdom,overview,2021-02-13,8756
K02000001,United Kingdom,overview,2021-02-12,12150
K02000001,United Kingdom,overview,2021-02-11,12736
K02000001,United Kingdom,overview,2021-02-10,13478
K02000001,United Kingdom,overview,2021-02-09,13792
K02000001,United Kingdom,overview,2021-02-08,15695
K02000001,United Kingdom,overview,2021-02-07,11370
K02000001,United Kingdom,overview,2021-02-06,11952
K02000001,United Kingdom,overview,2021-02-05,15837
K02000001,United Kingdom,overview,2021-02-04,17949
K02000001,United Kingdom,overview,2021-02-03,19392
K02000001,United Kingdom,overview,2021-02-02,19750
K02000001,United Kingdom,overview,2021-02-01,22330
K02000001,United Kingdom,overview,2021-01-31,15366
K02000001,United Kingdom,overview,2021-01-30,16662
K02000001,United Kingdom,overview,2021-01-29,21763
K02000001,United Kingdom,overview,2021-01-28,24125
K02000001,United Kingdom,overview,2021-01-27,25666
K02000001,United Kingdom,overview,2021-01-26,26969
K02000001,United Kingdom,overview,2021-01-25,29898
K02000001,United Kingdom,overview,2021-01-24,17154
K02000001,United Kingdom,overview,2021-01-23,21820
K02000001,United Kingdom,overview,2021-01-22,29518
K02000001,United Kingdom,overview,2021-01-21,31651
K02000001,United Kingdom,overview,2021-01-20,35070
K02000001,United Kingdom,overview,2021-01-19,39455
K02000001,United Kingdom,overview,2021-01-18,44761
K02000001,United Kingdom,overview,2021-01-17,28839
K02000001,United Kingdom,overview,2021-01-16,30525
K02000001,United Kingdom,overview,2021-01-15,40383
K02000001,United Kingdom,overview,2021-01-14,42360
K02000001,United Kingdom,overview,2021-01-13,45386
K02000001,United Kingdom,overview,2021-01-12,49355
K02000001,United Kingdom,overview,2021-01-11,57082
K02000001,United Kingdom,overview,2021-01-10,36330
K02000001,United Kingdom,overview,2021-01-09,39082
K02000001,United Kingdom,overview,2021-01-08,46974
K02000001,United Kingdom,overview,2021-01-07,51941
K02000001,United Kingdom,overview,2021-01-06,57370
K02000001,United Kingdom,overview,2021-01-05,65078
K02000001,United Kingdom,overview,2021-01-04,76143
K02000001,United Kingdom,overview,2021-01-03,55166
K02000001,United Kingdom,overview,2021-01-02,60414
K02000001,United Kingdom,overview,2021-01-01,31836
K02000001,United Kingdom,overview,2020-12-31,52785
K02000001,United Kingdom,overview,2020-12-30,70766
K02000001,United Kingdom,overview,2020-12-29,81504
K02000001,United Kingdom,overview,2020-12-28,45580
K02000001,United Kingdom,overview,2020-12-27,47699
K02000001,United Kingdom,overview,2020-12-26,40366
K02000001,United Kingdom,overview,2020-12-25,14172
K02000001,United Kingdom,overview,2020-12-24,31808
K02000001,United Kingdom,overview,2020-12-23,42172
K02000001,United Kingdom,overview,2020-12-22,45652
K02000001,United Kingdom,overview,2020-12-21,47357
K02000001,United Kingdom,overview,2020-12-20,32439
K02000001,United Kingdom,overview,2020-12-19,25134
K02000001,United Kingdom,overview,2020-12-18,35825
K02000001,United Kingdom,overview,2020-12-17,33877
K02000001,United Kingdom,overview,2020-12-16,34907
K02000001,United Kingdom,overview,2020-12-15,33848
K02000001,United Kingdom,overview,2020-12-14,34702
K02000001,United Kingdom,overview,2020-12-13,21985
K02000001,United Kingdom,overview,2020-12-12,19354
K02000001,United Kingdom,overview,2020-12-11,24060
K02000001,United Kingdom,overview,2020-12-10,22604
K02000001,United Kingdom,overview,2020-12-09,21601
K02000001,United Kingdom,overview,2020-12-08,20783
K02000001,United Kingdom,overview,2020-12-07,21326
K02000001,United Kingdom,overview,2020-12-06,13577
K02000001,United Kingdom,overview,2020-12-05,12733
K02000001,United Kingdom,overview,2020-12-04,15656
K02000001,United Kingdom,overview,2020-12-03,15630
K02000001,United Kingdom,overview,2020-12-02,16467
K02000001,United Kingdom,overview,2020-12-01,16454
K02000001,United Kingdom,overview,2020-11-30,18015
K02000001,United Kingdom,overview,2020-11-29,10680
K02000001,United Kingdom,overview,2020-11-28,10961
K02000001,United Kingdom,overview,2020-11-27,14365
K02000001,United Kingdom,overview,2020-11-26,14568
K02000001,United Kingdom,overview,2020-11-25,16614
K02000001,United Kingdom,overview,2020-11-24,16450
K02000001,United Kingdom,overview,2020-11-23,18770
K02000001,United Kingdom,overview,2020-11-22,11732
K02000001,United Kingdom,overview,2020-11-21,12349
K02000001,United Kingdom,overview,2020-11-20,16849
K02000001,United Kingdom,overview,2020-11-19,17750
K02000001,United Kingdom,overview,2020-11-18,20747
K02000001,United Kingdom,overview,2020-11-17,23158
K02000001,United Kingdom,overview,2020-11-16,26568
K02000001,United Kingdom,overview,2020-11-15,16021
K02000001,United Kingdom,overview,2020-11-14,17983
K02000001,United Kingdom,overview,2020-11-13,24033
K02000001,United Kingdom,overview,2020-11-12,24461
K02000001,United Kingdom,overview,2020-11-11,27353
K02000001,United Kingdom,overview,2020-11-10,27412
K02000001,United Kingdom,overview,2020-11-09,31039
K02000001,United Kingdom,overview,2020-11-08,19953
K02000001,United Kingdom,overview,2020-11-07,18519
K02000001,United Kingdom,overview,2020-11-06,23320
K02000001,United Kingdom,overview,2020-11-05,23742
K02000001,United Kingdom,overview,2020-11-04,23671
K02000001,United Kingdom,overview,2020-11-03,25579
K02000001,United Kingdom,overview,2020-11-02,31508
K02000001,United Kingdom,overview,2020-11-01,15749
K02000001,United Kingdom,overview,2020-10-31,16480
K02000001,United Kingdom,overview,2020-10-30,22651
K02000001,United Kingdom,overview,2020-10-29,23347
K02000001,United Kingdom,overview,2020-10-28,23604
K02000001,United Kingdom,overview,2020-10-27,24085
K02000001,United Kingdom,overview,2020-10-26,26544
K02000001,United Kingdom,overview,2020-10-25,15719
K02000001,United Kingdom,overview,2020-10-24,16224
K02000001,United Kingdom,overview,2020-10-23,21458
K02000001,United Kingdom,overview,2020-10-22,23234
K02000001,United Kingdom,overview,2020-10-21,25435
K02000001,United Kingdom,overview,2020-10-20,25316
K02000001,United Kingdom,overview,2020-10-19,25603
K02000001,United Kingdom,overview,2020-10-18,14193
K02000001,United Kingdom,overview,2020-10-17,14751
K02000001,United Kingdom,overview,2020-10-16,17712
K02000001,United Kingdom,overview,2020-10-15,18428
K02000001,United Kingdom,overview,2020-10-14,19689
K02000001,United Kingdom,overview,2020-10-13,18883
K02000001,United Kingdom,overview,2020-10-12,19429
K02000001,United Kingdom,overview,2020-10-11,12065
K02000001,United Kingdom,overview,2020-10-10,12503
K02000001,United Kingdom,overview,2020-10-09,15717
K02000001,United Kingdom,overview,2020-10-08,18233
K02000001,United Kingdom,overview,2020-10-07,18312
K02000001,United Kingdom,overview,2020-10-06,17054
K02000001,United Kingdom,overview,2020-10-05,16544
K02000001,United Kingdom,overview,2020-10-04,11800
K02000001,United Kingdom,overview,2020-10-03,11528
K02000001,United Kingdom,overview,2020-10-02,13687
K02000001,United Kingdom,overview,2020-10-01,13185
K02000001,United Kingdom,overview,2020-09-30,12555
K02000001,United Kingdom,overview,2020-09-29,10228
K02000001,United Kingdom,overview,2020-09-28,9923
K02000001,United Kingdom,overview,2020-09-27,6969
K02000001,United Kingdom,overview,2020-09-26,6748
K02000001,United Kingdom,overview,2020-09-25,7238
K02000001,United Kingdom,overview,2020-09-24,7595
K02000001,United Kingdom,overview,2020-09-23,7052
K02000001,United Kingdom,overview,2020-09-22,6398
K02000001,United Kingdom,overview,2020-09-21,5601
K02000001,United Kingdom,overview,2020-09-20,5313
K02000001,United Kingdom,overview,2020-09-19,4850
K02000001,United Kingdom,overview,2020-09-18,4955
K02000001,United Kingdom,overview,2020-09-17,4621
K02000001,United Kingdom,overview,2020-09-16,4347
K02000001,United Kingdom,overview,2020-09-15,3535
K02000001,United Kingdom,overview,2020-09-14,3385
K02000001,United Kingdom,overview,2020-09-13,2129
K02000001,United Kingdom,overview,2020-09-12,2656
K02000001,United Kingdom,overview,2020-09-11,3284
K02000001,United Kingdom,overview,2020-09-10,3579
K02000001,United Kingdom,overview,2020-09-09,3328
K02000001,United Kingdom,overview,2020-09-08,3300
K02000001,United Kingdom,overview,2020-09-07,3859
K02000001,United Kingdom,overview,2020-09-06,2441
K02000001,United Kingdom,overview,2020-09-05,2543
K02000001,United Kingdom,overview,2020-09-04,3039
K02000001,United Kingdom,overview,2020-09-03,3094
K02000001,United Kingdom,overview,2020-09-02,2991
K02000001,United Kingdom,overview,2020-09-01,2248
K02000001,United Kingdom,overview,2020-08-31,1501
K02000001,United Kingdom,overview,2020-08-30,1160
K02000001,United Kingdom,overview,2020-08-29,1222
K02000001,United Kingdom,overview,2020-08-28,1621
K02000001,United Kingdom,overview,2020-08-27,1551
K02000001,United Kingdom,overview,2020-08-26,1350
K02000001,United Kingdom,overview,2020-08-25,1246
K02000001,United Kingdom,overview,2020-08-24,1274
K02000001,United Kingdom,overview,2020-08-23,822
K02000001,United Kingdom,overview,2020-08-22,823
K02000001,United Kingdom,overview,2020-08-21,1197
K02000001,United Kingdom,overview,2020-08-20,1460
K02000001,United Kingdom,overview,2020-08-19,1241
K02000001,United Kingdom,overview,2020-08-18,1082
K02000001,United Kingdom,overview,2020-08-17,1278
K02000001,United Kingdom,overview,2020-08-16,597
K02000001,United Kingdom,overview,2020-08-15,694
K02000001,United Kingdom,overview,2020-08-14,1162
K02000001,United Kingdom,overview,2020-08-13,1140
K02000001,United Kingdom,overview,2020-08-12,1206
K02000001,United Kingdom,overview,2020-08-11,1340
K02000001,United Kingdom,overview,2020-08-10,1470
K02000001,United Kingdom,overview,2020-08-09,614
K02000001,United Kingdom,overview,2020-08-08,696
K02000001,United Kingdom,overview,2020-08-07,943
K02000001,United Kingdom,overview,2020-08-06,1081
K02000001,United Kingdom,overview,2020-08-05,1057
K02000001,United Kingdom,overview,2020-08-04,1018
K02000001,United Kingdom,overview,2020-08-03,1038
K02000001,United Kingdom,overview,2020-08-02,554
K02000001,United Kingdom,overview,2020-08-01,543
K02000001,United Kingdom,overview,2020-07-31,675
K02000001,United Kingdom,overview,2020-07-30,925
K02000001,United Kingdom,overview,2020-07-29,1039
K02000001,United Kingdom,overview,2020-07-28,841
K02000001,United Kingdom,overview,2020-07-27,855
K02000001,United Kingdom,overview,2020-07-26,558
K02000001,United Kingdom,overview,2020-07-25,524
K02000001,United Kingdom,overview,2020-07-24,772
K02000001,United Kingdom,overview,2020-07-23,797
K02000001,United Kingdom,overview,2020-07-22,795
K02000001,United Kingdom,overview,2020-07-21,782
K02000001,United Kingdom,overview,2020-07-20,812
K02000001,United Kingdom,overview,2020-07-19,444
K02000001,United Kingdom,overview,2020-07-18,498
K02000001,United Kingdom,overview,2020-07-17,581
K02000001,United Kingdom,overview,2020-07-16,706
K02000001,United Kingdom,overview,2020-07-15,773
K02000001,United Kingdom,overview,2020-07-14,691
K02000001,United Kingdom,overview,2020-07-13,734
K02000001,United Kingdom,overview,2020-07-12,370
K02000001,United Kingdom,overview,2020-07-11,446
K02000001,United Kingdom,overview,2020-07-10,563
K02000001,United Kingdom,overview,2020-07-09,719
K02000001,United Kingdom,overview,2020-07-08,702
K02000001,United Kingdom,overview,2020-07-07,603
K02000001,United Kingdom,overview,2020-07-06,705
K02000001,United Kingdom,overview,2020-07-05,557
K02000001,United Kingdom,overview,2020-07-04,400
K02000001,United Kingdom,overview,2020-07-03,573
K02000001,United Kingdom,overview,2020-07-02,607
K02000001,United Kingdom,overview,2020-07-01,659
K02000001,United Kingdom,overview,2020-06-30,617
K02000001,United Kingdom,overview,2020-06-29,728
K02000001,United Kingdom,overview,2020-06-28,446
K02000001,United Kingdom,overview,2020-06-27,652
K02000001,United Kingdom,overview,2020-06-26,669
K02000001,United Kingdom,overview,2020-06-25,720
K02000001,United Kingdom,overview,2020-06-24,776
K02000001,United Kingdom,overview,2020-06-23,891
K02000001,United Kingdom,overview,2020-06-22,895
K02000001,United Kingdom,overview,2020-06-21,638
K02000001,United Kingdom,overview,2020-06-20,686
K02000001,United Kingdom,overview,2020-06-19,996
K02000001,United Kingdom,overview,2020-06-18,1025
K02000001,United Kingdom,overview,2020-06-17,1012
K02000001,United Kingdom,overview,2020-06-16,1103
K02000001,United Kingdom,overview,2020-06-15,1043
K02000001,United Kingdom,overview,2020-06-14,819
K02000001,United Kingdom,overview,2020-06-13,891
K02000001,United Kingdom,overview,2020-06-12,1058
K02000001,United Kingdom,overview,2020-06-11,1010
K02000001,United Kingdom,overview,2020-06-10,1192
K02000001,United Kingdom,overview,2020-06-09,1153
K02000001,United Kingdom,overview,2020-06-08,1096
K02000001,United Kingdom,overview,2020-06-07,722
K02000001,United Kingdom,overview,2020-06-06,808
K02000001,United Kingdom,overview,2020-06-05,1125
K02000001,United Kingdom,overview,2020-06-04,1251
K02000001,United Kingdom,overview,2020-06-03,1358
K02000001,United Kingdom,overview,2020-06-02,1486
K02000001,United Kingdom,overview,2020-06-01,1438
K02000001,United Kingdom,overview,2020-05-31,1081
K02000001,United Kingdom,overview,2020-05-30,1118
K02000001,United Kingdom,overview,2020-05-29,1528
K02000001,United Kingdom,overview,2020-05-28,1757
K02000001,United Kingdom,overview,2020-05-27,1827
K02000001,United Kingdom,overview,2020-05-26,2057
K02000001,United Kingdom,overview,2020-05-25,1617
K02000001,United Kingdom,overview,2020-05-24,1365
K02000001,United Kingdom,overview,2020-05-23,1526
K02000001,United Kingdom,overview,2020-05-22,2052
K02000001,United Kingdom,overview,2020-05-21,2565
K02000001,United Kingdom,overview,2020-05-20,2704
K02000001,United Kingdom,overview,2020-05-19,3051
K02000001,United Kingdom,overview,2020-05-18,2573
K02000001,United Kingdom,overview,2020-05-17,1835
K02000001,United Kingdom,overview,2020-05-16,2075
K02000001,United Kingdom,overview,2020-05-15,2524
K02000001,United Kingdom,overview,2020-05-14,2626
K02000001,United Kingdom,overview,2020-05-13,3309
K02000001,United Kingdom,overview,2020-05-12,3389
K02000001,United Kingdom,overview,2020-05-11,3578
K02000001,United Kingdom,overview,2020-05-10,2322
K02000001,United Kingdom,overview,2020-05-09,2164
K02000001,United Kingdom,overview,2020-05-08,3061
K02000001,United Kingdom,overview,2020-05-07,3774
K02000001,United Kingdom,overview,2020-05-06,3818
K02000001,United Kingdom,overview,2020-05-05,3672
K02000001,United Kingdom,overview,2020-05-04,3387
K02000001,United Kingdom,overview,2020-05-03,2986
K02000001,United Kingdom,overview,2020-05-02,3232
K02000001,United Kingdom,overview,2020-05-01,4733
K02000001,United Kingdom,overview,2020-04-30,4957
K02000001,United Kingdom,overview,2020-04-29,5428
K02000001,United Kingdom,overview,2020-04-28,4716
K02000001,United Kingdom,overview,2020-04-27,4704
K02000001,United Kingdom,overview,2020-04-26,3469
K02000001,United Kingdom,overview,2020-04-25,3743
K02000001,United Kingdom,overview,2020-04-24,4950
K02000001,United Kingdom,overview,2020-04-23,5141
K02000001,United Kingdom,overview,2020-04-22,5484
K02000001,United Kingdom,overview,2020-04-21,4764
K02000001,United Kingdom,overview,2020-04-20,4420
K02000001,United Kingdom,overview,2020-04-19,3850
K02000001,United Kingdom,overview,2020-04-18,4703
K02000001,United Kingdom,overview,2020-04-17,4937
K02000001,United Kingdom,overview,2020-04-16,5276
K02000001,United Kingdom,overview,2020-04-15,5040
K02000001,United Kingdom,overview,2020-04-14,4298
K02000001,United Kingdom,overview,2020-04-13,4170
K02000001,United Kingdom,overview,2020-04-12,3480
K02000001,United Kingdom,overview,2020-04-11,3554
K02000001,United Kingdom,overview,2020-04-10,4307
K02000001,United Kingdom,overview,2020-04-09,4849
K02000001,United Kingdom,overview,2020-04-08,5116
K02000001,United Kingdom,overview,2020-04-07,5435
K02000001,United Kingdom,overview,2020-04-06,5260
K02000001,United Kingdom,overview,2020-04-05,3583
K02000001,United Kingdom,overview,2020-04-04,4007
K02000001,United Kingdom,overview,2020-04-03,4897
K02000001,United Kingdom,overview,2020-04-02,4863
K02000001,United Kingdom,overview,2020-04-01,4931
K02000001,United Kingdom,overview,2020-03-31,4516
K02000001,United Kingdom,overview,2020-03-30,4260
K02000001,United Kingdom,overview,2020-03-29,2855
K02000001,United Kingdom,overview,2020-03-28,2816
K02000001,United Kingdom,overview,2020-03-27,3181
K02000001,United Kingdom,overview,2020-03-26,3083
K02000001,United Kingdom,overview,2020-03-25,2692
K02000001,United Kingdom,overview,2020-03-24,2371
K02000001,United Kingdom,overview,2020-03-23,2320
K02000001,United Kingdom,overview,2020-03-22,1374
K02000001,United Kingdom,overview,2020-03-21,1191
K02000001,United Kingdom,overview,2020-03-20,1262
K02000001,United Kingdom,overview,2020-03-19,1050
K02000001,United Kingdom,overview,2020-03-18,998
K02000001,United Kingdom,overview,2020-03-17,768
K02000001,United Kingdom,overview,2020-03-16,609
K02000001,United Kingdom,overview,2020-03-15,442
K02000001,United Kingdom,overview,2020-03-14,363
K02000001,United Kingdom,overview,2020-03-13,479
K02000001,United Kingdom,overview,2020-03-12,481
K02000001,United Kingdom,overview,2020-03-11,405
K02000001,United Kingdom,overview,2020-03-10,266
K02000001,United Kingdom,overview,2020-03-09,147
K02000001,United Kingdom,overview,2020-03-08,57
K02000001,United Kingdom,overview,2020-03-07,67
K02000001,United Kingdom,overview,2020-03-06,81
K02000001,United Kingdom,overview,2020-03-05,50
K02000001,United Kingdom,overview,2020-03-04,56
K02000001,United Kingdom,overview,2020-03-03,56
K02000001,United Kingdom,overview,2020-03-02,39
K02000001,United Kingdom,overview,2020-03-01,22
K02000001,United Kingdom,overview,2020-02-29,5
K02000001,United Kingdom,overview,2020-02-28,12
K02000001,United Kingdom,overview,2020-02-27,8
K02000001,United Kingdom,overview,2020-02-26,4
K02000001,United Kingdom,overview,2020-02-25,5
K02000001,United Kingdom,overview,2020-02-24,2
K02000001,United Kingdom,overview,2020-02-23,1
K02000001,United Kingdom,overview,2020-02-22,0
K02000001,United Kingdom,overview,2020-02-21,1
K02000001,United Kingdom,overview,2020-02-20,0
K02000001,United Kingdom,overview,2020-02-19,0
K02000001,United Kingdom,overview,2020-02-18,0
K02000001,United Kingdom,overview,2020-02-17,0
K02000001,United Kingdom,overview,2020-02-16,0
K02000001,United Kingdom,overview,2020-02-15,0
K02000001,United Kingdom,overview,2020-02-14,0
K02000001,United Kingdom,overview,2020-02-13,0
K02000001,United Kingdom,overview,2020-02-12,0
K02000001,United Kingdom,overview,2020-02-11,1
K02000001,United Kingdom,overview,2020-02-10,0
K02000001,United Kingdom,overview,2020-02-09,1
K02000001,United Kingdom,overview,2020-02-08,4
K02000001,United Kingdom,overview,2020-02-07,0
K02000001,United Kingdom,overview,2020-02-06,0
K02000001,United Kingdom,overview,2020-02-05,1
K02000001,United Kingdom,overview,2020-02-04,0
K02000001,United Kingdom,overview,2020-02-03,0
K02000001,United Kingdom,overview,2020-02-02,0
K02000001,United Kingdom,overview,2020-02-01,0
K02000001,United Kingdom,overview,2020-01-31,0
K02000001,United Kingdom,overview,2020-01-30,2
